EmpId,EmpName,Designation ,DepartMent,CompanyId,CompanyName
35247,Ankit Patel,Technicalsupport,IT,201,Bizruntime
35248,Raghu Sharma,Webdeveloper,AccountsandFinance,201,Bizruntime
35249,Shyam tomar,Networkengineer,HR,201,Bizruntime
35250,Raghu Sharma,Webdeveloper,AccountsandFinance,201,Bizruntime
35251,Ramesh chaudhary,Businessanalyst,Infrastructures,201,Bizruntime
35252,Raghu Sharma,Webdeveloper,AccountsandFinance,201,Bizruntime
35253,Ankit Patel,Technicalsupport,IT,201,Bizruntime
35254,Raghu Sharma,Webdeveloper,AccountsandFinance,201,Bizruntime
35255,Shyam tomar,Networkengineer,HR,201,Bizruntime
35256,Raghu Sharma,Webdeveloper,AccountsandFinance,201,Bizruntime
35257,Ankit Patel,Technicalsupport,IT,201,Bizruntime
35258,Raghu Sharma,Webdeveloper,AccountsandFinance,201,Bizruntime
35259,Ankit Patel,Technicalsupport,IT,201,Bizruntime
35260,Raghu Sharma,Webdeveloper,AccountsandFinance,201,Bizruntime
35261,Shyam tomar,Networkengineer,HR,201,Bizruntime
35262,Raghu Sharma,Webdeveloper,AccountsandFinance,201,Bizruntime
35263,Ankit Patel,Technicalsupport,IT,201,Bizruntime
35264,Raghu Sharma,Webdeveloper,AccountsandFinance,201,Bizruntime
35265,Ankit Patel,Technicalsupport,IT,201,Bizruntime
35266,Raghu Sharma,Webdeveloper,AccountsandFinance,201,Bizruntime
35267,Shyam tomar,Networkengineer,HR,201,Bizruntime
35268,Raghu Sharma,Webdeveloper,AccountsandFinance,201,Bizruntime
35269,Ankit Patel,Technicalsupport,IT,201,Bizruntime
35270,Raghu Sharma,Webdeveloper,AccountsandFinance,201,Bizruntime
35271,Ramesh chaudhary,Businessanalyst,Infrastructures,201,Bizruntime
35272,Raghu Sharma,Webdeveloper,AccountsandFinance,201,Bizruntime
35273,Shyam tomar,Networkengineer,HR,201,Bizruntime
35274,Raghu Sharma,Webdeveloper,AccountsandFinance,201,Bizruntime
35275,Ankit Patel,Technicalsupport,IT,201,Bizruntime
35276,Raghu Sharma,Webdeveloper,AccountsandFinance,201,Bizruntime
35277,Ankit Patel,Technicalsupport,IT,201,Bizruntime
35278,Raghu Sharma,Webdeveloper,AccountsandFinance,201,Bizruntime
35279,Shyam tomar,Networkengineer,HR,201,Bizruntime
35280,Raghu Sharma,Webdeveloper,AccountsandFinance,201,Bizruntime
35281,Ramesh chaudhary,Businessanalyst,Infrastructures,201,Bizruntime
35282,Raghu Sharma,Webdeveloper,AccountsandFinance,201,Bizruntime
35283,Ankit Patel,Technicalsupport,IT,201,Bizruntime
35284,Raghu Sharma,Webdeveloper,AccountsandFinance,201,Bizruntime
35285,Shyam tomar,Networkengineer,HR,201,Bizruntime
35286,Raghu Sharma,Webdeveloper,AccountsandFinance,201,Bizruntime
35287,Ankit Patel,Technicalsupport,IT,201,Bizruntime
35288,Raghu Sharma,Webdeveloper,AccountsandFinance,201,Bizruntime
35289,Ankit Patel,Technicalsupport,IT,201,Bizruntime
35290,Raghu Sharma,Webdeveloper,AccountsandFinance,201,Bizruntime
35291,Shyam tomar,Networkengineer,HR,201,Bizruntime
35292,Raghu Sharma,Webdeveloper,AccountsandFinance,201,Bizruntime
35293,Ankit Patel,Technicalsupport,IT,201,Bizruntime
35294,Raghu Sharma,Webdeveloper,AccountsandFinance,201,Bizruntime
35295,Ankit Patel,Technicalsupport,IT,201,Bizruntime
35296,Raghu Sharma,Webdeveloper,AccountsandFinance,201,Bizruntime
35297,Shyam tomar,Networkengineer,HR,201,Bizruntime
35298,Raghu Sharma,Webdeveloper,AccountsandFinance,201,Bizruntime
35299,Ankit Patel,Technicalsupport,IT,201,Bizruntime
35300,Raghu Sharma,Webdeveloper,AccountsandFinance,201,Bizruntime
35301,Ramesh chaudhary,Businessanalyst,Infrastructures,201,Bizruntime
35302,Raghu Sharma,Webdeveloper,AccountsandFinance,201,Bizruntime
35303,Shyam tomar,Networkengineer,HR,201,Bizruntime
35304,Raghu Sharma,Webdeveloper,AccountsandFinance,201,Bizruntime
35305,Ankit Patel,Technicalsupport,IT,201,Bizruntime
35306,Raghu Sharma,Webdeveloper,AccountsandFinance,201,Bizruntime
35307,Ankit Patel,Technicalsupport,IT,201,Bizruntime
35308,Raghu Sharma,Webdeveloper,AccountsandFinance,201,Bizruntime
35309,Shyam tomar,Networkengineer,HR,201,Bizruntime
35310,Raghu Sharma,Webdeveloper,AccountsandFinance,201,Bizruntime
35311,Ramesh chaudhary,Businessanalyst,Infrastructures,201,Bizruntime
35312,Raghu Sharma,Webdeveloper,AccountsandFinance,201,Bizruntime
35313,Ankit Patel,Technicalsupport,IT,201,Bizruntime
35314,Raghu Sharma,Webdeveloper,AccountsandFinance,201,Bizruntime
35315,Shyam tomar,Networkengineer,HR,201,Bizruntime
35316,Raghu Sharma,Webdeveloper,AccountsandFinance,201,Bizruntime
35317,Ankit Patel,Technicalsupport,IT,201,Bizruntime
35318,Raghu Sharma,Webdeveloper,AccountsandFinance,201,Bizruntime
35319,Ankit Patel,Technicalsupport,IT,201,Bizruntime
35320,Raghu Sharma,Webdeveloper,AccountsandFinance,201,Bizruntime
35321,Shyam tomar,Networkengineer,HR,201,Bizruntime
35322,Raghu Sharma,Webdeveloper,AccountsandFinance,201,Bizruntime
35323,Ankit Patel,Technicalsupport,IT,201,Bizruntime
35324,Raghu Sharma,Webdeveloper,AccountsandFinance,201,Bizruntime
35325,Ankit Patel,Technicalsupport,IT,201,Bizruntime
35326,Raghu Sharma,Webdeveloper,AccountsandFinance,201,Bizruntime
35327,Shyam tomar,Networkengineer,HR,201,Bizruntime
35328,Raghu Sharma,Webdeveloper,AccountsandFinance,201,Bizruntime
35329,Ankit Patel,Technicalsupport,IT,201,Bizruntime
35330,Raghu Sharma,Webdeveloper,AccountsandFinance,201,Bizruntime
35331,Ramesh chaudhary,Businessanalyst,Infrastructures,201,Bizruntime
35332,Raghu Sharma,Webdeveloper,AccountsandFinance,201,Bizruntime
35333,Shyam tomar,Networkengineer,HR,201,Bizruntime
35334,Raghu Sharma,Webdeveloper,AccountsandFinance,201,Bizruntime
35335,Ankit Patel,Technicalsupport,IT,201,Bizruntime
35336,Raghu Sharma,Webdeveloper,AccountsandFinance,201,Bizruntime
35337,Ankit Patel,Technicalsupport,IT,201,Bizruntime
35338,Raghu Sharma,Webdeveloper,AccountsandFinance,201,Bizruntime
35339,Shyam tomar,Networkengineer,HR,201,Bizruntime
35340,Raghu Sharma,Webdeveloper,AccountsandFinance,201,Bizruntime
35341,Ramesh chaudhary,Businessanalyst,Infrastructures,201,Bizruntime
35342,Raghu Sharma,Webdeveloper,AccountsandFinance,201,Bizruntime
35343,Ankit Patel,Technicalsupport,IT,201,Bizruntime
35344,Raghu Sharma,Webdeveloper,AccountsandFinance,201,Bizruntime
35345,Shyam tomar,Networkengineer,HR,201,Bizruntime
35346,Raghu Sharma,Webdeveloper,AccountsandFinance,201,Bizruntime
35347,Ankit Patel,Technicalsupport,IT,201,Bizruntime
35348,Raghu Sharma,Webdeveloper,AccountsandFinance,201,Bizruntime
35349,Ankit Patel,Technicalsupport,IT,201,Bizruntime
35350,Raghu Sharma,Webdeveloper,AccountsandFinance,201,Bizruntime
35351,Shyam tomar,Networkengineer,HR,201,Bizruntime
35352,Raghu Sharma,Webdeveloper,AccountsandFinance,201,Bizruntime
35353,Ankit Patel,Technicalsupport,IT,201,Bizruntime
35354,Raghu Sharma,Webdeveloper,AccountsandFinance,201,Bizruntime
35355,Ankit Patel,Technicalsupport,IT,201,Bizruntime
35356,Raghu Sharma,Webdeveloper,AccountsandFinance,201,Bizruntime
35357,Shyam tomar,Networkengineer,HR,201,Bizruntime
35358,Raghu Sharma,Webdeveloper,AccountsandFinance,201,Bizruntime
35359,Ankit Patel,Technicalsupport,IT,201,Bizruntime
35360,Raghu Sharma,Webdeveloper,AccountsandFinance,201,Bizruntime
35361,Ramesh chaudhary,Businessanalyst,Infrastructures,201,Bizruntime
35362,Raghu Sharma,Webdeveloper,AccountsandFinance,201,Bizruntime
35363,Shyam tomar,Networkengineer,HR,201,Bizruntime
35364,Raghu Sharma,Webdeveloper,AccountsandFinance,201,Bizruntime
35365,Ankit Patel,Technicalsupport,IT,201,Bizruntime
35366,Raghu Sharma,Webdeveloper,AccountsandFinance,201,Bizruntime
35367,Ankit Patel,Technicalsupport,IT,201,Bizruntime
35368,Raghu Sharma,Webdeveloper,AccountsandFinance,201,Bizruntime
35369,Shyam tomar,Networkengineer,HR,201,Bizruntime
35370,Raghu Sharma,Webdeveloper,AccountsandFinance,201,Bizruntime
35371,Ramesh chaudhary,Businessanalyst,Infrastructures,201,Bizruntime
35372,Raghu Sharma,Webdeveloper,AccountsandFinance,201,Bizruntime
35373,Ankit Patel,Technicalsupport,IT,201,Bizruntime
35374,Raghu Sharma,Webdeveloper,AccountsandFinance,201,Bizruntime
35375,Shyam tomar,Networkengineer,HR,201,Bizruntime
35376,Raghu Sharma,Webdeveloper,AccountsandFinance,201,Bizruntime
35377,Ankit Patel,Technicalsupport,IT,201,Bizruntime
35378,Raghu Sharma,Webdeveloper,AccountsandFinance,201,Bizruntime
35379,Ankit Patel,Technicalsupport,IT,201,Bizruntime
35380,Raghu Sharma,Webdeveloper,AccountsandFinance,201,Bizruntime
35381,Shyam tomar,Networkengineer,HR,201,Bizruntime
35382,Raghu Sharma,Webdeveloper,AccountsandFinance,201,Bizruntime
35383,Ankit Patel,Technicalsupport,IT,201,Bizruntime
35384,Raghu Sharma,Webdeveloper,AccountsandFinance,201,Bizruntime
35385,Ankit Patel,Technicalsupport,IT,201,Bizruntime
35386,Raghu Sharma,Webdeveloper,AccountsandFinance,201,Bizruntime
35387,Shyam tomar,Networkengineer,HR,201,Bizruntime
35388,Raghu Sharma,Webdeveloper,AccountsandFinance,201,Bizruntime
35389,Ankit Patel,Technicalsupport,IT,201,Bizruntime
35390,Raghu Sharma,Webdeveloper,AccountsandFinance,201,Bizruntime
35391,Ramesh chaudhary,Businessanalyst,Infrastructures,201,Bizruntime
35392,Raghu Sharma,Webdeveloper,AccountsandFinance,201,Bizruntime
35393,Shyam tomar,Networkengineer,HR,201,Bizruntime
35394,Raghu Sharma,Webdeveloper,AccountsandFinance,201,Bizruntime
35395,Ankit Patel,Technicalsupport,IT,201,Bizruntime
35396,Raghu Sharma,Webdeveloper,AccountsandFinance,201,Bizruntime
35397,Ankit Patel,Technicalsupport,IT,201,Bizruntime
35398,Raghu Sharma,Webdeveloper,AccountsandFinance,201,Bizruntime
35399,Shyam tomar,Networkengineer,HR,201,Bizruntime
35400,Raghu Sharma,Webdeveloper,AccountsandFinance,201,Bizruntime
35401,Ramesh chaudhary,Businessanalyst,Infrastructures,201,Bizruntime
35402,Raghu Sharma,Webdeveloper,AccountsandFinance,201,Bizruntime
35403,Ankit Patel,Technicalsupport,IT,201,Bizruntime
35404,Raghu Sharma,Webdeveloper,AccountsandFinance,201,Bizruntime
35405,Shyam tomar,Networkengineer,HR,201,Bizruntime
35406,Raghu Sharma,Webdeveloper,AccountsandFinance,201,Bizruntime
35407,Ankit Patel,Technicalsupport,IT,201,Bizruntime
35408,Raghu Sharma,Webdeveloper,AccountsandFinance,201,Bizruntime
35409,Ankit Patel,Technicalsupport,IT,201,Bizruntime
35410,Raghu Sharma,Webdeveloper,AccountsandFinance,201,Bizruntime
35411,Shyam tomar,Networkengineer,HR,201,Bizruntime
35412,Raghu Sharma,Webdeveloper,AccountsandFinance,201,Bizruntime
35413,Ankit Patel,Technicalsupport,IT,201,Bizruntime
35414,Raghu Sharma,Webdeveloper,AccountsandFinance,201,Bizruntime
35415,Ankit Patel,Technicalsupport,IT,201,Bizruntime
35416,Raghu Sharma,Webdeveloper,AccountsandFinance,201,Bizruntime
35417,Shyam tomar,Networkengineer,HR,201,Bizruntime
35418,Raghu Sharma,Webdeveloper,AccountsandFinance,201,Bizruntime
35419,Ankit Patel,Technicalsupport,IT,201,Bizruntime
35420,Raghu Sharma,Webdeveloper,AccountsandFinance,201,Bizruntime
35421,Ramesh chaudhary,Businessanalyst,Infrastructures,201,Bizruntime
35422,Raghu Sharma,Webdeveloper,AccountsandFinance,201,Bizruntime
35423,Shyam tomar,Networkengineer,HR,201,Bizruntime
35424,Raghu Sharma,Webdeveloper,AccountsandFinance,201,Bizruntime
35425,Ankit Patel,Technicalsupport,IT,201,Bizruntime
35426,Raghu Sharma,Webdeveloper,AccountsandFinance,201,Bizruntime
35427,Ankit Patel,Technicalsupport,IT,201,Bizruntime
35428,Raghu Sharma,Webdeveloper,AccountsandFinance,201,Bizruntime
35429,Shyam tomar,Networkengineer,HR,201,Bizruntime
35430,Raghu Sharma,Webdeveloper,AccountsandFinance,201,Bizruntime
35431,Ramesh chaudhary,Businessanalyst,Infrastructures,201,Bizruntime
35432,Raghu Sharma,Webdeveloper,AccountsandFinance,201,Bizruntime
35433,Ankit Patel,Technicalsupport,IT,201,Bizruntime
35434,Raghu Sharma,Webdeveloper,AccountsandFinance,201,Bizruntime
35435,Shyam tomar,Networkengineer,HR,201,Bizruntime
35436,Raghu Sharma,Webdeveloper,AccountsandFinance,201,Bizruntime
35437,Ankit Patel,Technicalsupport,IT,201,Bizruntime
35438,Raghu Sharma,Webdeveloper,AccountsandFinance,201,Bizruntime
35439,Ankit Patel,Technicalsupport,IT,201,Bizruntime
35440,Raghu Sharma,Webdeveloper,AccountsandFinance,201,Bizruntime
35441,Shyam tomar,Networkengineer,HR,201,Bizruntime
35442,Raghu Sharma,Webdeveloper,AccountsandFinance,201,Bizruntime
35443,Ankit Patel,Technicalsupport,IT,201,Bizruntime
35444,Raghu Sharma,Webdeveloper,AccountsandFinance,201,Bizruntime
35445,Ankit Patel,Technicalsupport,IT,201,Bizruntime
35446,Raghu Sharma,Webdeveloper,AccountsandFinance,201,Bizruntime
35447,Ankit Patel,Technicalsupport,IT,324,Infosys
35448,Raghu Sharma,Webdeveloper,AccountsandFinance,324,Infosys
35449,Shyam tomar,Networkengineer,HR,324,Infosys
35450,Raghu Sharma,Webdeveloper,AccountsandFinance,324,Infosys
35451,Ramesh chaudhary,Businessanalyst,Infrastructures,324,Infosys
35452,Raghu Sharma,Webdeveloper,AccountsandFinance,324,Infosys
35453,Ankit Patel,Technicalsupport,IT,324,Infosys
35454,Raghu Sharma,Webdeveloper,AccountsandFinance,324,Infosys
35455,Shyam tomar,Networkengineer,HR,324,Infosys
35456,Raghu Sharma,Webdeveloper,AccountsandFinance,324,Infosys
35457,Ankit Patel,Technicalsupport,IT,324,Infosys
35458,Raghu Sharma,Webdeveloper,AccountsandFinance,324,Infosys
35459,Ankit Patel,Technicalsupport,IT,324,Infosys
35460,Raghu Sharma,Webdeveloper,AccountsandFinance,324,Infosys
35461,Shyam tomar,Networkengineer,HR,324,Infosys
35462,Raghu Sharma,Webdeveloper,AccountsandFinance,324,Infosys
35463,Ankit Patel,Technicalsupport,IT,324,Infosys
35464,Raghu Sharma,Webdeveloper,AccountsandFinance,324,Infosys
35465,Ankit Patel,Technicalsupport,IT,324,Infosys
35466,Raghu Sharma,Webdeveloper,AccountsandFinance,324,Infosys
35467,Shyam tomar,Networkengineer,HR,324,Infosys
35468,Raghu Sharma,Webdeveloper,AccountsandFinance,324,Infosys
35469,Ankit Patel,Technicalsupport,IT,324,Infosys
35470,Raghu Sharma,Webdeveloper,AccountsandFinance,324,Infosys
35471,Ramesh chaudhary,Businessanalyst,Infrastructures,324,Infosys
35472,Raghu Sharma,Webdeveloper,AccountsandFinance,324,Infosys
35473,Shyam tomar,Networkengineer,HR,324,Infosys
35474,Raghu Sharma,Webdeveloper,AccountsandFinance,324,Infosys
35475,Ankit Patel,Technicalsupport,IT,324,Infosys
35476,Raghu Sharma,Webdeveloper,AccountsandFinance,324,Infosys
35477,Ankit Patel,Technicalsupport,IT,324,Infosys
35478,Raghu Sharma,Webdeveloper,AccountsandFinance,324,Infosys
35479,Shyam tomar,Networkengineer,HR,324,Infosys
35480,Raghu Sharma,Webdeveloper,AccountsandFinance,324,Infosys
35481,Ramesh chaudhary,Businessanalyst,Infrastructures,324,Infosys
35482,Raghu Sharma,Webdeveloper,AccountsandFinance,324,Infosys
35483,Ankit Patel,Technicalsupport,IT,324,Infosys
35484,Raghu Sharma,Webdeveloper,AccountsandFinance,324,Infosys
35485,Shyam tomar,Networkengineer,HR,324,Infosys
35486,Raghu Sharma,Webdeveloper,AccountsandFinance,324,Infosys
35487,Ankit Patel,Technicalsupport,IT,324,Infosys
35488,Raghu Sharma,Webdeveloper,AccountsandFinance,324,Infosys
35489,Ankit Patel,Technicalsupport,IT,324,Infosys
35490,Raghu Sharma,Webdeveloper,AccountsandFinance,324,Infosys
35491,Shyam tomar,Networkengineer,HR,324,Infosys
35492,Raghu Sharma,Webdeveloper,AccountsandFinance,324,Infosys
35493,Ankit Patel,Technicalsupport,IT,324,Infosys
35494,Raghu Sharma,Webdeveloper,AccountsandFinance,324,Infosys
35495,Ankit Patel,Technicalsupport,IT,324,Infosys
35496,Raghu Sharma,Webdeveloper,AccountsandFinance,324,Infosys
35497,Shyam tomar,Networkengineer,HR,324,Infosys
35498,Raghu Sharma,Webdeveloper,AccountsandFinance,324,Infosys
35499,Ankit Patel,Technicalsupport,IT,324,Infosys
35500,Raghu Sharma,Webdeveloper,AccountsandFinance,324,Infosys
35501,Ramesh chaudhary,Businessanalyst,Infrastructures,324,Infosys
35502,Raghu Sharma,Webdeveloper,AccountsandFinance,324,Infosys
35503,Shyam tomar,Networkengineer,HR,324,Infosys
35504,Raghu Sharma,Webdeveloper,AccountsandFinance,324,Infosys
35505,Ankit Patel,Technicalsupport,IT,324,Infosys
35506,Raghu Sharma,Webdeveloper,AccountsandFinance,324,Infosys
35507,Ankit Patel,Technicalsupport,IT,324,Infosys
35508,Raghu Sharma,Webdeveloper,AccountsandFinance,324,Infosys
35509,Shyam tomar,Networkengineer,HR,324,Infosys
35510,Raghu Sharma,Webdeveloper,AccountsandFinance,324,Infosys
35511,Ramesh chaudhary,Businessanalyst,Infrastructures,324,Infosys
35512,Raghu Sharma,Webdeveloper,AccountsandFinance,324,Infosys
35513,Ankit Patel,Technicalsupport,IT,324,Infosys
35514,Raghu Sharma,Webdeveloper,AccountsandFinance,324,Infosys
35515,Shyam tomar,Networkengineer,HR,324,Infosys
35516,Raghu Sharma,Webdeveloper,AccountsandFinance,324,Infosys
35517,Ankit Patel,Technicalsupport,IT,324,Infosys
35518,Raghu Sharma,Webdeveloper,AccountsandFinance,324,Infosys
35519,Ankit Patel,Technicalsupport,IT,324,Infosys
35520,Raghu Sharma,Webdeveloper,AccountsandFinance,324,Infosys
35521,Shyam tomar,Networkengineer,HR,324,Infosys
35522,Raghu Sharma,Webdeveloper,AccountsandFinance,324,Infosys
35523,Ankit Patel,Technicalsupport,IT,324,Infosys
35524,Raghu Sharma,Webdeveloper,AccountsandFinance,324,Infosys
35525,Ankit Patel,Technicalsupport,IT,324,Infosys
35526,Raghu Sharma,Webdeveloper,AccountsandFinance,324,Infosys
35527,Shyam tomar,Networkengineer,HR,324,Infosys
35528,Raghu Sharma,Webdeveloper,AccountsandFinance,324,Infosys
35529,Ankit Patel,Technicalsupport,IT,324,Infosys
35530,Raghu Sharma,Webdeveloper,AccountsandFinance,324,Infosys
35531,Ramesh chaudhary,Businessanalyst,Infrastructures,324,Infosys
35532,Raghu Sharma,Webdeveloper,AccountsandFinance,324,Infosys
35533,Shyam tomar,Networkengineer,HR,324,Infosys
35534,Raghu Sharma,Webdeveloper,AccountsandFinance,324,Infosys
35535,Ankit Patel,Technicalsupport,IT,324,Infosys
35536,Raghu Sharma,Webdeveloper,AccountsandFinance,324,Infosys
35537,Ankit Patel,Technicalsupport,IT,324,Infosys
35538,Raghu Sharma,Webdeveloper,AccountsandFinance,324,Infosys
35539,Shyam tomar,Networkengineer,HR,324,Infosys
35540,Raghu Sharma,Webdeveloper,AccountsandFinance,324,Infosys
35541,Ramesh chaudhary,Businessanalyst,Infrastructures,324,Infosys
35542,Raghu Sharma,Webdeveloper,AccountsandFinance,324,Infosys
35543,Ankit Patel,Technicalsupport,IT,324,Infosys
35544,Raghu Sharma,Webdeveloper,AccountsandFinance,324,Infosys
35545,Shyam tomar,Networkengineer,HR,324,Infosys
35546,Raghu Sharma,Webdeveloper,AccountsandFinance,324,Infosys
35547,Ankit Patel,Technicalsupport,IT,324,Infosys
35548,Raghu Sharma,Webdeveloper,AccountsandFinance,324,Infosys
35549,Ankit Patel,Technicalsupport,IT,324,Infosys
35550,Raghu Sharma,Webdeveloper,AccountsandFinance,324,Infosys
35551,Shyam tomar,Networkengineer,HR,324,Infosys
35552,Raghu Sharma,Webdeveloper,AccountsandFinance,324,Infosys
35553,Ankit Patel,Technicalsupport,IT,324,Infosys
35554,Raghu Sharma,Webdeveloper,AccountsandFinance,324,Infosys
35555,Ankit Patel,Technicalsupport,IT,324,Infosys
35556,Raghu Sharma,Webdeveloper,AccountsandFinance,324,Infosys
35557,Shyam tomar,Networkengineer,HR,324,Infosys
35558,Raghu Sharma,Webdeveloper,AccountsandFinance,324,Infosys
35559,Ankit Patel,Technicalsupport,IT,324,Infosys
35560,Raghu Sharma,Webdeveloper,AccountsandFinance,324,Infosys
35561,Ramesh chaudhary,Businessanalyst,Infrastructures,324,Infosys
35562,Raghu Sharma,Webdeveloper,AccountsandFinance,324,Infosys
35563,Shyam tomar,Networkengineer,HR,324,Infosys
35564,Raghu Sharma,Webdeveloper,AccountsandFinance,324,Infosys
35565,Ankit Patel,Technicalsupport,IT,324,Infosys
35566,Raghu Sharma,Webdeveloper,AccountsandFinance,324,Infosys
35567,Ankit Patel,Technicalsupport,IT,324,Infosys
35568,Raghu Sharma,Webdeveloper,AccountsandFinance,324,Infosys
35569,Shyam tomar,Networkengineer,HR,324,Infosys
35570,Raghu Sharma,Webdeveloper,AccountsandFinance,324,Infosys
35571,Ramesh chaudhary,Businessanalyst,Infrastructures,324,Infosys
35572,Raghu Sharma,Webdeveloper,AccountsandFinance,324,Infosys
35573,Ankit Patel,Technicalsupport,IT,324,Infosys
35574,Raghu Sharma,Webdeveloper,AccountsandFinance,324,Infosys
35575,Shyam tomar,Networkengineer,HR,324,Infosys
35576,Raghu Sharma,Webdeveloper,AccountsandFinance,324,Infosys
35577,Ankit Patel,Technicalsupport,IT,324,Infosys
35578,Raghu Sharma,Webdeveloper,AccountsandFinance,324,Infosys
35579,Ankit Patel,Technicalsupport,IT,324,Infosys
35580,Raghu Sharma,Webdeveloper,AccountsandFinance,324,Infosys
35581,Shyam tomar,Networkengineer,HR,324,Infosys
35582,Raghu Sharma,Webdeveloper,AccountsandFinance,324,Infosys
35583,Ankit Patel,Technicalsupport,IT,324,Infosys
35584,Raghu Sharma,Webdeveloper,AccountsandFinance,324,Infosys
35585,Ankit Patel,Technicalsupport,IT,324,Infosys
35586,Raghu Sharma,Webdeveloper,AccountsandFinance,324,Infosys
35587,Shyam tomar,Networkengineer,HR,324,Infosys
35588,Raghu Sharma,Webdeveloper,AccountsandFinance,324,Infosys
35589,Ankit Patel,Technicalsupport,IT,324,Infosys
35590,Raghu Sharma,Webdeveloper,AccountsandFinance,324,Infosys
35591,Ramesh chaudhary,Businessanalyst,Infrastructures,324,Infosys
35592,Raghu Sharma,Webdeveloper,AccountsandFinance,324,Infosys
35593,Shyam tomar,Networkengineer,HR,324,Infosys
35594,Raghu Sharma,Webdeveloper,AccountsandFinance,324,Infosys
35595,Ankit Patel,Technicalsupport,IT,324,Infosys
35596,Raghu Sharma,Webdeveloper,AccountsandFinance,324,Infosys
35597,Ankit Patel,Technicalsupport,IT,324,Infosys
35598,Raghu Sharma,Webdeveloper,AccountsandFinance,324,Infosys
35599,Shyam tomar,Networkengineer,HR,324,Infosys
35600,Raghu Sharma,Webdeveloper,AccountsandFinance,324,Infosys
35601,Ramesh chaudhary,Businessanalyst,Infrastructures,324,Infosys
35602,Raghu Sharma,Webdeveloper,AccountsandFinance,324,Infosys
35603,Ankit Patel,Technicalsupport,IT,324,Infosys
35604,Raghu Sharma,Webdeveloper,AccountsandFinance,324,Infosys
35605,Shyam tomar,Networkengineer,HR,324,Infosys
35606,Raghu Sharma,Webdeveloper,AccountsandFinance,324,Infosys
35607,Ankit Patel,Technicalsupport,IT,324,Infosys
35608,Raghu Sharma,Webdeveloper,AccountsandFinance,324,Infosys
35609,Ankit Patel,Technicalsupport,IT,324,Infosys
35610,Raghu Sharma,Webdeveloper,AccountsandFinance,324,Infosys
35611,Shyam tomar,Networkengineer,HR,324,Infosys
35612,Raghu Sharma,Webdeveloper,AccountsandFinance,324,Infosys
35613,Ankit Patel,Technicalsupport,IT,324,Infosys
35614,Raghu Sharma,Webdeveloper,AccountsandFinance,324,Infosys
35615,Ankit Patel,Technicalsupport,IT,324,Infosys
35616,Raghu Sharma,Webdeveloper,AccountsandFinance,324,Infosys
35617,Shyam tomar,Networkengineer,HR,324,Infosys
35618,Raghu Sharma,Webdeveloper,AccountsandFinance,324,Infosys
35619,Ankit Patel,Technicalsupport,IT,324,Infosys
35620,Raghu Sharma,Webdeveloper,AccountsandFinance,324,Infosys
35621,Ramesh chaudhary,Businessanalyst,Infrastructures,324,Infosys
35622,Raghu Sharma,Webdeveloper,AccountsandFinance,324,Infosys
35623,Shyam tomar,Networkengineer,HR,324,Infosys
35624,Raghu Sharma,Webdeveloper,AccountsandFinance,324,Infosys
35625,Ankit Patel,Technicalsupport,IT,324,Infosys
35626,Raghu Sharma,Webdeveloper,AccountsandFinance,324,Infosys
35627,Ankit Patel,Technicalsupport,IT,324,Infosys
35628,Raghu Sharma,Webdeveloper,AccountsandFinance,324,Infosys
35629,Shyam tomar,Networkengineer,HR,324,Infosys
35630,Raghu Sharma,Webdeveloper,AccountsandFinance,324,Infosys
35631,Ramesh chaudhary,Businessanalyst,Infrastructures,324,Infosys
35632,Raghu Sharma,Webdeveloper,AccountsandFinance,324,Infosys
35633,Ankit Patel,Technicalsupport,IT,324,Infosys
35634,Raghu Sharma,Webdeveloper,AccountsandFinance,324,Infosys
35635,Shyam tomar,Networkengineer,HR,324,Infosys
35636,Raghu Sharma,Webdeveloper,AccountsandFinance,324,Infosys
35637,Ankit Patel,Technicalsupport,IT,324,Infosys
35638,Raghu Sharma,Webdeveloper,AccountsandFinance,324,Infosys
35639,Ankit Patel,Technicalsupport,IT,324,Infosys
35640,Raghu Sharma,Webdeveloper,AccountsandFinance,324,Infosys
35641,Shyam tomar,Networkengineer,HR,324,Infosys
35642,Raghu Sharma,Webdeveloper,AccountsandFinance,324,Infosys
35643,Ankit Patel,Technicalsupport,IT,324,Infosys
35644,Raghu Sharma,Webdeveloper,AccountsandFinance,324,Infosys
35645,Ankit Patel,Technicalsupport,IT,324,Infosys
35646,Raghu Sharma,Webdeveloper,AccountsandFinance,324,Infosys
35647,Ankit Patel,Technicalsupport,IT,365,accenture
35648,Raghu Sharma,Webdeveloper,AccountsandFinance,365,accenture
35649,Shyam tomar,Networkengineer,HR,365,accenture
35650,Raghu Sharma,Webdeveloper,AccountsandFinance,365,accenture
35651,Ramesh chaudhary,Businessanalyst,Infrastructures,365,accenture
35652,Raghu Sharma,Webdeveloper,AccountsandFinance,365,accenture
35653,Ankit Patel,Technicalsupport,IT,365,accenture
35654,Raghu Sharma,Webdeveloper,AccountsandFinance,365,accenture
35655,Shyam tomar,Networkengineer,HR,365,accenture
35656,Raghu Sharma,Webdeveloper,AccountsandFinance,365,accenture
35657,Ankit Patel,Technicalsupport,IT,365,accenture
35658,Raghu Sharma,Webdeveloper,AccountsandFinance,365,accenture
35659,Ankit Patel,Technicalsupport,IT,365,accenture
35660,Raghu Sharma,Webdeveloper,AccountsandFinance,365,accenture
35661,Shyam tomar,Networkengineer,HR,365,accenture
35662,Raghu Sharma,Webdeveloper,AccountsandFinance,365,accenture
35663,Ankit Patel,Technicalsupport,IT,365,accenture
35664,Raghu Sharma,Webdeveloper,AccountsandFinance,365,accenture
35665,Ankit Patel,Technicalsupport,IT,365,accenture
35666,Raghu Sharma,Webdeveloper,AccountsandFinance,365,accenture
35667,Shyam tomar,Networkengineer,HR,365,accenture
35668,Raghu Sharma,Webdeveloper,AccountsandFinance,365,accenture
35669,Ankit Patel,Technicalsupport,IT,365,accenture
35670,Raghu Sharma,Webdeveloper,AccountsandFinance,365,accenture
35671,Ramesh chaudhary,Businessanalyst,Infrastructures,365,accenture
35672,Raghu Sharma,Webdeveloper,AccountsandFinance,365,accenture
35673,Shyam tomar,Networkengineer,HR,365,accenture
35674,Raghu Sharma,Webdeveloper,AccountsandFinance,365,accenture
35675,Ankit Patel,Technicalsupport,IT,365,accenture
35676,Raghu Sharma,Webdeveloper,AccountsandFinance,365,accenture
35677,Ankit Patel,Technicalsupport,IT,365,accenture
35678,Raghu Sharma,Webdeveloper,AccountsandFinance,365,accenture
35679,Shyam tomar,Networkengineer,HR,365,accenture
35680,Raghu Sharma,Webdeveloper,AccountsandFinance,365,accenture
35681,Ramesh chaudhary,Businessanalyst,Infrastructures,365,accenture
35682,Raghu Sharma,Webdeveloper,AccountsandFinance,365,accenture
35683,Ankit Patel,Technicalsupport,IT,365,accenture
35684,Raghu Sharma,Webdeveloper,AccountsandFinance,365,accenture
35685,Shyam tomar,Networkengineer,HR,365,accenture
35686,Raghu Sharma,Webdeveloper,AccountsandFinance,365,accenture
35687,Ankit Patel,Technicalsupport,IT,365,accenture
35688,Raghu Sharma,Webdeveloper,AccountsandFinance,365,accenture
35689,Ankit Patel,Technicalsupport,IT,365,accenture
35690,Raghu Sharma,Webdeveloper,AccountsandFinance,365,accenture
35691,Shyam tomar,Networkengineer,HR,365,accenture
35692,Raghu Sharma,Webdeveloper,AccountsandFinance,365,accenture
35693,Ankit Patel,Technicalsupport,IT,365,accenture
35694,Raghu Sharma,Webdeveloper,AccountsandFinance,365,accenture
35695,Ankit Patel,Technicalsupport,IT,365,accenture
35696,Raghu Sharma,Webdeveloper,AccountsandFinance,365,accenture
35697,Shyam tomar,Networkengineer,HR,365,accenture
35698,Raghu Sharma,Webdeveloper,AccountsandFinance,365,accenture
35699,Ankit Patel,Technicalsupport,IT,365,accenture
35700,Raghu Sharma,Webdeveloper,AccountsandFinance,365,accenture
35701,Ramesh chaudhary,Businessanalyst,Infrastructures,365,accenture
35702,Raghu Sharma,Webdeveloper,AccountsandFinance,365,accenture
35703,Shyam tomar,Networkengineer,HR,365,accenture
35704,Raghu Sharma,Webdeveloper,AccountsandFinance,365,accenture
35705,Ankit Patel,Technicalsupport,IT,365,accenture
35706,Raghu Sharma,Webdeveloper,AccountsandFinance,365,accenture
35707,Ankit Patel,Technicalsupport,IT,365,accenture
35708,Raghu Sharma,Webdeveloper,AccountsandFinance,365,accenture
35709,Shyam tomar,Networkengineer,HR,365,accenture
35710,Raghu Sharma,Webdeveloper,AccountsandFinance,365,accenture
35711,Ramesh chaudhary,Businessanalyst,Infrastructures,365,accenture
35712,Raghu Sharma,Webdeveloper,AccountsandFinance,365,accenture
35713,Ankit Patel,Technicalsupport,IT,365,accenture
35714,Raghu Sharma,Webdeveloper,AccountsandFinance,365,accenture
35715,Shyam tomar,Networkengineer,HR,365,accenture
35716,Raghu Sharma,Webdeveloper,AccountsandFinance,365,accenture
35717,Ankit Patel,Technicalsupport,IT,365,accenture
35718,Raghu Sharma,Webdeveloper,AccountsandFinance,365,accenture
35719,Ankit Patel,Technicalsupport,IT,365,accenture
35720,Raghu Sharma,Webdeveloper,AccountsandFinance,365,accenture
35721,Shyam tomar,Networkengineer,HR,365,accenture
35722,Raghu Sharma,Webdeveloper,AccountsandFinance,365,accenture
35723,Ankit Patel,Technicalsupport,IT,365,accenture
35724,Raghu Sharma,Webdeveloper,AccountsandFinance,365,accenture
35725,Ankit Patel,Technicalsupport,IT,365,accenture
35726,Raghu Sharma,Webdeveloper,AccountsandFinance,365,accenture
35727,Shyam tomar,Networkengineer,HR,365,accenture
35728,Raghu Sharma,Webdeveloper,AccountsandFinance,365,accenture
35729,Ankit Patel,Technicalsupport,IT,365,accenture
35730,Raghu Sharma,Webdeveloper,AccountsandFinance,365,accenture
35731,Ramesh chaudhary,Businessanalyst,Infrastructures,365,accenture
35732,Raghu Sharma,Webdeveloper,AccountsandFinance,365,accenture
35733,Shyam tomar,Networkengineer,HR,365,accenture
35734,Raghu Sharma,Webdeveloper,AccountsandFinance,365,accenture
35735,Ankit Patel,Technicalsupport,IT,365,accenture
35736,Raghu Sharma,Webdeveloper,AccountsandFinance,365,accenture
35737,Ankit Patel,Technicalsupport,IT,365,accenture
35738,Raghu Sharma,Webdeveloper,AccountsandFinance,365,accenture
35739,Shyam tomar,Networkengineer,HR,365,accenture
35740,Raghu Sharma,Webdeveloper,AccountsandFinance,365,accenture
35741,Ramesh chaudhary,Businessanalyst,Infrastructures,365,accenture
35742,Raghu Sharma,Webdeveloper,AccountsandFinance,365,accenture
35743,Ankit Patel,Technicalsupport,IT,365,accenture
35744,Raghu Sharma,Webdeveloper,AccountsandFinance,365,accenture
35745,Shyam tomar,Networkengineer,HR,365,accenture
35746,Raghu Sharma,Webdeveloper,AccountsandFinance,365,accenture
35747,Ankit Patel,Technicalsupport,IT,365,accenture
35748,Raghu Sharma,Webdeveloper,AccountsandFinance,365,accenture
35749,Ankit Patel,Technicalsupport,IT,365,accenture
35750,Raghu Sharma,Webdeveloper,AccountsandFinance,365,accenture
35751,Shyam tomar,Networkengineer,HR,365,accenture
35752,Raghu Sharma,Webdeveloper,AccountsandFinance,365,accenture
35753,Ankit Patel,Technicalsupport,IT,365,accenture
35754,Raghu Sharma,Webdeveloper,AccountsandFinance,365,accenture
35755,Ankit Patel,Technicalsupport,IT,365,accenture
35756,Raghu Sharma,Webdeveloper,AccountsandFinance,365,accenture
35757,Shyam tomar,Networkengineer,HR,365,accenture
35758,Raghu Sharma,Webdeveloper,AccountsandFinance,365,accenture
35759,Ankit Patel,Technicalsupport,IT,365,accenture
35760,Raghu Sharma,Webdeveloper,AccountsandFinance,365,accenture
35761,Ramesh chaudhary,Businessanalyst,Infrastructures,365,accenture
35762,Raghu Sharma,Webdeveloper,AccountsandFinance,365,accenture
35763,Shyam tomar,Networkengineer,HR,365,accenture
35764,Raghu Sharma,Webdeveloper,AccountsandFinance,365,accenture
35765,Ankit Patel,Technicalsupport,IT,365,accenture
35766,Raghu Sharma,Webdeveloper,AccountsandFinance,365,accenture
35767,Ankit Patel,Technicalsupport,IT,365,accenture
35768,Raghu Sharma,Webdeveloper,AccountsandFinance,365,accenture
35769,Shyam tomar,Networkengineer,HR,365,accenture
35770,Raghu Sharma,Webdeveloper,AccountsandFinance,365,accenture
35771,Ramesh chaudhary,Businessanalyst,Infrastructures,365,accenture
35772,Raghu Sharma,Webdeveloper,AccountsandFinance,365,accenture
35773,Ankit Patel,Technicalsupport,IT,365,accenture
35774,Raghu Sharma,Webdeveloper,AccountsandFinance,365,accenture
35775,Shyam tomar,Networkengineer,HR,365,accenture
35776,Raghu Sharma,Webdeveloper,AccountsandFinance,365,accenture
35777,Ankit Patel,Technicalsupport,IT,365,accenture
35778,Raghu Sharma,Webdeveloper,AccountsandFinance,365,accenture
35779,Ankit Patel,Technicalsupport,IT,365,accenture
35780,Raghu Sharma,Webdeveloper,AccountsandFinance,365,accenture
35781,Shyam tomar,Networkengineer,HR,365,accenture
35782,Raghu Sharma,Webdeveloper,AccountsandFinance,365,accenture
35783,Ankit Patel,Technicalsupport,IT,365,accenture
35784,Raghu Sharma,Webdeveloper,AccountsandFinance,365,accenture
35785,Ankit Patel,Technicalsupport,IT,365,accenture
35786,Raghu Sharma,Webdeveloper,AccountsandFinance,365,accenture
35787,Shyam tomar,Networkengineer,HR,365,accenture
35788,Raghu Sharma,Webdeveloper,AccountsandFinance,365,accenture
35789,Ankit Patel,Technicalsupport,IT,365,accenture
35790,Raghu Sharma,Webdeveloper,AccountsandFinance,365,accenture
35791,Ramesh chaudhary,Businessanalyst,Infrastructures,365,accenture
35792,Raghu Sharma,Webdeveloper,AccountsandFinance,365,accenture
35793,Shyam tomar,Networkengineer,HR,365,accenture
35794,Raghu Sharma,Webdeveloper,AccountsandFinance,365,accenture
35795,Ankit Patel,Technicalsupport,IT,365,accenture
35796,Raghu Sharma,Webdeveloper,AccountsandFinance,365,accenture
35797,Ankit Patel,Technicalsupport,IT,365,accenture
35798,Raghu Sharma,Webdeveloper,AccountsandFinance,365,accenture
35799,Shyam tomar,Networkengineer,HR,365,accenture
35800,Raghu Sharma,Webdeveloper,AccountsandFinance,365,accenture
35801,Ramesh chaudhary,Businessanalyst,Infrastructures,365,accenture
35802,Raghu Sharma,Webdeveloper,AccountsandFinance,365,accenture
35803,Ankit Patel,Technicalsupport,IT,365,accenture
35804,Raghu Sharma,Webdeveloper,AccountsandFinance,365,accenture
35805,Shyam tomar,Networkengineer,HR,365,accenture
35806,Raghu Sharma,Webdeveloper,AccountsandFinance,365,accenture
35807,Ankit Patel,Technicalsupport,IT,365,accenture
35808,Raghu Sharma,Webdeveloper,AccountsandFinance,365,accenture
35809,Ankit Patel,Technicalsupport,IT,365,accenture
35810,Raghu Sharma,Webdeveloper,AccountsandFinance,365,accenture
35811,Shyam tomar,Networkengineer,HR,365,accenture
35812,Raghu Sharma,Webdeveloper,AccountsandFinance,365,accenture
35813,Ankit Patel,Technicalsupport,IT,365,accenture
35814,Raghu Sharma,Webdeveloper,AccountsandFinance,365,accenture
35815,Ankit Patel,Technicalsupport,IT,365,accenture
35816,Raghu Sharma,Webdeveloper,AccountsandFinance,365,accenture
35817,Shyam tomar,Networkengineer,HR,365,accenture
35818,Raghu Sharma,Webdeveloper,AccountsandFinance,365,accenture
35819,Ankit Patel,Technicalsupport,IT,365,accenture
35820,Raghu Sharma,Webdeveloper,AccountsandFinance,365,accenture
35821,Ramesh chaudhary,Businessanalyst,Infrastructures,365,accenture
35822,Raghu Sharma,Webdeveloper,AccountsandFinance,365,accenture
35823,Shyam tomar,Networkengineer,HR,365,accenture
35824,Raghu Sharma,Webdeveloper,AccountsandFinance,365,accenture
35825,Ankit Patel,Technicalsupport,IT,365,accenture
35826,Raghu Sharma,Webdeveloper,AccountsandFinance,365,accenture
35827,Ankit Patel,Technicalsupport,IT,365,accenture
35828,Raghu Sharma,Webdeveloper,AccountsandFinance,365,accenture
35829,Shyam tomar,Networkengineer,HR,365,accenture
35830,Raghu Sharma,Webdeveloper,AccountsandFinance,365,accenture
35831,Ramesh chaudhary,Businessanalyst,Infrastructures,365,accenture
35832,Raghu Sharma,Webdeveloper,AccountsandFinance,365,accenture
35833,Ankit Patel,Technicalsupport,IT,365,accenture
35834,Raghu Sharma,Webdeveloper,AccountsandFinance,365,accenture
35835,Shyam tomar,Networkengineer,HR,365,accenture
35836,Raghu Sharma,Webdeveloper,AccountsandFinance,365,accenture
35837,Ankit Patel,Technicalsupport,IT,365,accenture
35838,Raghu Sharma,Webdeveloper,AccountsandFinance,365,accenture
35839,Ankit Patel,Technicalsupport,IT,365,accenture
35840,Raghu Sharma,Webdeveloper,AccountsandFinance,365,accenture
35841,Shyam tomar,Networkengineer,HR,365,accenture
35842,Raghu Sharma,Webdeveloper,AccountsandFinance,365,accenture
35843,Ankit Patel,Technicalsupport,IT,365,accenture
35844,Raghu Sharma,Webdeveloper,AccountsandFinance,365,accenture
35845,Ankit Patel,Technicalsupport,IT,365,accenture
35846,Raghu Sharma,Webdeveloper,AccountsandFinance,365,accenture
35847,Ankit Patel,Technicalsupport,IT,328,IBM
35848,Raghu Sharma,Webdeveloper,AccountsandFinance,328,IBM
35849,Shyam tomar,Networkengineer,HR,328,IBM
35850,Raghu Sharma,Webdeveloper,AccountsandFinance,328,IBM
35851,Ramesh chaudhary,Businessanalyst,Infrastructures,328,IBM
35852,Raghu Sharma,Webdeveloper,AccountsandFinance,328,IBM
35853,Ankit Patel,Technicalsupport,IT,328,IBM
35854,Raghu Sharma,Webdeveloper,AccountsandFinance,328,IBM
35855,Shyam tomar,Networkengineer,HR,328,IBM
35856,Raghu Sharma,Webdeveloper,AccountsandFinance,328,IBM
35857,Ankit Patel,Technicalsupport,IT,328,IBM
35858,Raghu Sharma,Webdeveloper,AccountsandFinance,328,IBM
35859,Ankit Patel,Technicalsupport,IT,328,IBM
35860,Raghu Sharma,Webdeveloper,AccountsandFinance,328,IBM
35861,Shyam tomar,Networkengineer,HR,328,IBM
35862,Raghu Sharma,Webdeveloper,AccountsandFinance,328,IBM
35863,Ankit Patel,Technicalsupport,IT,328,IBM
35864,Raghu Sharma,Webdeveloper,AccountsandFinance,328,IBM
35865,Ankit Patel,Technicalsupport,IT,328,IBM
35866,Raghu Sharma,Webdeveloper,AccountsandFinance,328,IBM
35867,Shyam tomar,Networkengineer,HR,328,IBM
35868,Raghu Sharma,Webdeveloper,AccountsandFinance,328,IBM
35869,Ankit Patel,Technicalsupport,IT,328,IBM
35870,Raghu Sharma,Webdeveloper,AccountsandFinance,328,IBM
35871,Ramesh chaudhary,Businessanalyst,Infrastructures,328,IBM
35872,Raghu Sharma,Webdeveloper,AccountsandFinance,328,IBM
35873,Shyam tomar,Networkengineer,HR,328,IBM
35874,Raghu Sharma,Webdeveloper,AccountsandFinance,328,IBM
35875,Ankit Patel,Technicalsupport,IT,328,IBM
35876,Raghu Sharma,Webdeveloper,AccountsandFinance,328,IBM
35877,Ankit Patel,Technicalsupport,IT,328,IBM
35878,Raghu Sharma,Webdeveloper,AccountsandFinance,328,IBM
35879,Shyam tomar,Networkengineer,HR,328,IBM
35880,Raghu Sharma,Webdeveloper,AccountsandFinance,328,IBM
35881,Ramesh chaudhary,Businessanalyst,Infrastructures,328,IBM
35882,Raghu Sharma,Webdeveloper,AccountsandFinance,328,IBM
35883,Ankit Patel,Technicalsupport,IT,328,IBM
35884,Raghu Sharma,Webdeveloper,AccountsandFinance,328,IBM
35885,Shyam tomar,Networkengineer,HR,328,IBM
35886,Raghu Sharma,Webdeveloper,AccountsandFinance,328,IBM
35887,Ankit Patel,Technicalsupport,IT,328,IBM
35888,Raghu Sharma,Webdeveloper,AccountsandFinance,328,IBM
35889,Ankit Patel,Technicalsupport,IT,328,IBM
35890,Raghu Sharma,Webdeveloper,AccountsandFinance,328,IBM
35891,Shyam tomar,Networkengineer,HR,328,IBM
35892,Raghu Sharma,Webdeveloper,AccountsandFinance,328,IBM
35893,Ankit Patel,Technicalsupport,IT,328,IBM
35894,Raghu Sharma,Webdeveloper,AccountsandFinance,328,IBM
35895,Ankit Patel,Technicalsupport,IT,328,IBM
35896,Raghu Sharma,Webdeveloper,AccountsandFinance,328,IBM
35897,Shyam tomar,Networkengineer,HR,328,IBM
35898,Raghu Sharma,Webdeveloper,AccountsandFinance,328,IBM
35899,Ankit Patel,Technicalsupport,IT,328,IBM
35900,Raghu Sharma,Webdeveloper,AccountsandFinance,328,IBM
35901,Ramesh chaudhary,Businessanalyst,Infrastructures,328,IBM
35902,Raghu Sharma,Webdeveloper,AccountsandFinance,328,IBM
35903,Shyam tomar,Networkengineer,HR,328,IBM
35904,Raghu Sharma,Webdeveloper,AccountsandFinance,328,IBM
35905,Ankit Patel,Technicalsupport,IT,328,IBM
35906,Raghu Sharma,Webdeveloper,AccountsandFinance,328,IBM
35907,Ankit Patel,Technicalsupport,IT,328,IBM
35908,Raghu Sharma,Webdeveloper,AccountsandFinance,328,IBM
35909,Shyam tomar,Networkengineer,HR,328,IBM
35910,Raghu Sharma,Webdeveloper,AccountsandFinance,328,IBM
35911,Ramesh chaudhary,Businessanalyst,Infrastructures,328,IBM
35912,Raghu Sharma,Webdeveloper,AccountsandFinance,328,IBM
35913,Ankit Patel,Technicalsupport,IT,328,IBM
35914,Raghu Sharma,Webdeveloper,AccountsandFinance,328,IBM
35915,Shyam tomar,Networkengineer,HR,328,IBM
35916,Raghu Sharma,Webdeveloper,AccountsandFinance,328,IBM
35917,Ankit Patel,Technicalsupport,IT,328,IBM
35918,Raghu Sharma,Webdeveloper,AccountsandFinance,328,IBM
35919,Ankit Patel,Technicalsupport,IT,328,IBM
35920,Raghu Sharma,Webdeveloper,AccountsandFinance,328,IBM
35921,Shyam tomar,Networkengineer,HR,328,IBM
35922,Raghu Sharma,Webdeveloper,AccountsandFinance,328,IBM
35923,Ankit Patel,Technicalsupport,IT,328,IBM
35924,Raghu Sharma,Webdeveloper,AccountsandFinance,328,IBM
35925,Ankit Patel,Technicalsupport,IT,328,IBM
35926,Raghu Sharma,Webdeveloper,AccountsandFinance,328,IBM
35927,Shyam tomar,Networkengineer,HR,328,IBM
35928,Raghu Sharma,Webdeveloper,AccountsandFinance,328,IBM
35929,Ankit Patel,Technicalsupport,IT,328,IBM
35930,Raghu Sharma,Webdeveloper,AccountsandFinance,328,IBM
35931,Ramesh chaudhary,Businessanalyst,Infrastructures,328,IBM
35932,Raghu Sharma,Webdeveloper,AccountsandFinance,328,IBM
35933,Shyam tomar,Networkengineer,HR,328,IBM
35934,Raghu Sharma,Webdeveloper,AccountsandFinance,328,IBM
35935,Ankit Patel,Technicalsupport,IT,328,IBM
35936,Raghu Sharma,Webdeveloper,AccountsandFinance,328,IBM
35937,Ankit Patel,Technicalsupport,IT,328,IBM
35938,Raghu Sharma,Webdeveloper,AccountsandFinance,328,IBM
35939,Shyam tomar,Networkengineer,HR,328,IBM
35940,Raghu Sharma,Webdeveloper,AccountsandFinance,328,IBM
35941,Ramesh chaudhary,Businessanalyst,Infrastructures,328,IBM
35942,Raghu Sharma,Webdeveloper,AccountsandFinance,328,IBM
35943,Ankit Patel,Technicalsupport,IT,328,IBM
35944,Raghu Sharma,Webdeveloper,AccountsandFinance,328,IBM
35945,Shyam tomar,Networkengineer,HR,328,IBM
35946,Raghu Sharma,Webdeveloper,AccountsandFinance,328,IBM
35947,Ankit Patel,Technicalsupport,IT,328,IBM
35948,Raghu Sharma,Webdeveloper,AccountsandFinance,328,IBM
35949,Ankit Patel,Technicalsupport,IT,328,IBM
35950,Raghu Sharma,Webdeveloper,AccountsandFinance,328,IBM
35951,Shyam tomar,Networkengineer,HR,328,IBM
35952,Raghu Sharma,Webdeveloper,AccountsandFinance,328,IBM
35953,Ankit Patel,Technicalsupport,IT,328,IBM
35954,Raghu Sharma,Webdeveloper,AccountsandFinance,328,IBM
35955,Ankit Patel,Technicalsupport,IT,328,IBM
35956,Raghu Sharma,Webdeveloper,AccountsandFinance,328,IBM
35957,Shyam tomar,Networkengineer,HR,328,IBM
35958,Raghu Sharma,Webdeveloper,AccountsandFinance,328,IBM
35959,Ankit Patel,Technicalsupport,IT,328,IBM
35960,Raghu Sharma,Webdeveloper,AccountsandFinance,328,IBM
35961,Ramesh chaudhary,Businessanalyst,Infrastructures,328,IBM
35962,Raghu Sharma,Webdeveloper,AccountsandFinance,328,IBM
35963,Shyam tomar,Networkengineer,HR,328,IBM
35964,Raghu Sharma,Webdeveloper,AccountsandFinance,328,IBM
35965,Ankit Patel,Technicalsupport,IT,328,IBM
35966,Raghu Sharma,Webdeveloper,AccountsandFinance,328,IBM
35967,Ankit Patel,Technicalsupport,IT,328,IBM
35968,Raghu Sharma,Webdeveloper,AccountsandFinance,328,IBM
35969,Shyam tomar,Networkengineer,HR,328,IBM
35970,Raghu Sharma,Webdeveloper,AccountsandFinance,328,IBM
35971,Ramesh chaudhary,Businessanalyst,Infrastructures,328,IBM
35972,Raghu Sharma,Webdeveloper,AccountsandFinance,328,IBM
35973,Ankit Patel,Technicalsupport,IT,328,IBM
35974,Raghu Sharma,Webdeveloper,AccountsandFinance,328,IBM
35975,Shyam tomar,Networkengineer,HR,328,IBM
35976,Raghu Sharma,Webdeveloper,AccountsandFinance,328,IBM
35977,Ankit Patel,Technicalsupport,IT,328,IBM
35978,Raghu Sharma,Webdeveloper,AccountsandFinance,328,IBM
35979,Ankit Patel,Technicalsupport,IT,328,IBM
35980,Raghu Sharma,Webdeveloper,AccountsandFinance,328,IBM
35981,Shyam tomar,Networkengineer,HR,328,IBM
35982,Raghu Sharma,Webdeveloper,AccountsandFinance,328,IBM
35983,Ankit Patel,Technicalsupport,IT,328,IBM
35984,Raghu Sharma,Webdeveloper,AccountsandFinance,328,IBM
35985,Ankit Patel,Technicalsupport,IT,328,IBM
35986,Raghu Sharma,Webdeveloper,AccountsandFinance,328,IBM
35987,Shyam tomar,Networkengineer,HR,328,IBM
35988,Raghu Sharma,Webdeveloper,AccountsandFinance,328,IBM
35989,Ankit Patel,Technicalsupport,IT,328,IBM
35990,Raghu Sharma,Webdeveloper,AccountsandFinance,328,IBM
35991,Ramesh chaudhary,Businessanalyst,Infrastructures,328,IBM
35992,Raghu Sharma,Webdeveloper,AccountsandFinance,328,IBM
35993,Shyam tomar,Networkengineer,HR,328,IBM
35994,Raghu Sharma,Webdeveloper,AccountsandFinance,328,IBM
35995,Ankit Patel,Technicalsupport,IT,328,IBM
35996,Raghu Sharma,Webdeveloper,AccountsandFinance,328,IBM
35997,Ankit Patel,Technicalsupport,IT,328,IBM
35998,Raghu Sharma,Webdeveloper,AccountsandFinance,328,IBM
35999,Shyam tomar,Networkengineer,HR,328,IBM
36000,Raghu Sharma,Webdeveloper,AccountsandFinance,328,IBM
36001,Ramesh chaudhary,Businessanalyst,Infrastructures,328,IBM
36002,Raghu Sharma,Webdeveloper,AccountsandFinance,328,IBM
36003,Ankit Patel,Technicalsupport,IT,328,IBM
36004,Raghu Sharma,Webdeveloper,AccountsandFinance,328,IBM
36005,Shyam tomar,Networkengineer,HR,328,IBM
36006,Raghu Sharma,Webdeveloper,AccountsandFinance,328,IBM
36007,Ankit Patel,Technicalsupport,IT,328,IBM
36008,Raghu Sharma,Webdeveloper,AccountsandFinance,328,IBM
36009,Ankit Patel,Technicalsupport,IT,328,IBM
36010,Raghu Sharma,Webdeveloper,AccountsandFinance,328,IBM
36011,Shyam tomar,Networkengineer,HR,328,IBM
36012,Raghu Sharma,Webdeveloper,AccountsandFinance,328,IBM
36013,Ankit Patel,Technicalsupport,IT,328,IBM
36014,Raghu Sharma,Webdeveloper,AccountsandFinance,328,IBM
36015,Ankit Patel,Technicalsupport,IT,328,IBM
36016,Raghu Sharma,Webdeveloper,AccountsandFinance,328,IBM
36017,Shyam tomar,Networkengineer,HR,328,IBM
36018,Raghu Sharma,Webdeveloper,AccountsandFinance,328,IBM
36019,Ankit Patel,Technicalsupport,IT,328,IBM
36020,Raghu Sharma,Webdeveloper,AccountsandFinance,328,IBM
36021,Ramesh chaudhary,Businessanalyst,Infrastructures,328,IBM
36022,Raghu Sharma,Webdeveloper,AccountsandFinance,328,IBM
36023,Shyam tomar,Networkengineer,HR,328,IBM
36024,Raghu Sharma,Webdeveloper,AccountsandFinance,328,IBM
36025,Ankit Patel,Technicalsupport,IT,328,IBM
36026,Raghu Sharma,Webdeveloper,AccountsandFinance,328,IBM
36027,Ankit Patel,Technicalsupport,IT,328,IBM
36028,Raghu Sharma,Webdeveloper,AccountsandFinance,328,IBM
36029,Shyam tomar,Networkengineer,HR,328,IBM
36030,Raghu Sharma,Webdeveloper,AccountsandFinance,328,IBM
36031,Ramesh chaudhary,Businessanalyst,Infrastructures,328,IBM
36032,Raghu Sharma,Webdeveloper,AccountsandFinance,328,IBM
36033,Ankit Patel,Technicalsupport,IT,328,IBM
36034,Raghu Sharma,Webdeveloper,AccountsandFinance,328,IBM
36035,Shyam tomar,Networkengineer,HR,328,IBM
36036,Raghu Sharma,Webdeveloper,AccountsandFinance,328,IBM
36037,Ankit Patel,Technicalsupport,IT,328,IBM
36038,Raghu Sharma,Webdeveloper,AccountsandFinance,328,IBM
36039,Ankit Patel,Technicalsupport,IT,328,IBM
36040,Raghu Sharma,Webdeveloper,AccountsandFinance,328,IBM
36041,Shyam tomar,Networkengineer,HR,328,IBM
36042,Raghu Sharma,Webdeveloper,AccountsandFinance,328,IBM
36043,Ankit Patel,Technicalsupport,IT,328,IBM
36044,Raghu Sharma,Webdeveloper,AccountsandFinance,328,IBM
36045,Ankit Patel,Technicalsupport,IT,328,IBM
36046,Raghu Sharma,Webdeveloper,AccountsandFinance,328,IBM
36047,Ankit Patel,Technicalsupport,IT,963,Wipro
36048,Raghu Sharma,Webdeveloper,AccountsandFinance,963,Wipro
36049,Shyam tomar,Networkengineer,HR,963,Wipro
36050,Raghu Sharma,Webdeveloper,AccountsandFinance,963,Wipro
36051,Ramesh chaudhary,Businessanalyst,Infrastructures,963,Wipro
36052,Raghu Sharma,Webdeveloper,AccountsandFinance,963,Wipro
36053,Ankit Patel,Technicalsupport,IT,963,Wipro
36054,Raghu Sharma,Webdeveloper,AccountsandFinance,963,Wipro
36055,Shyam tomar,Networkengineer,HR,963,Wipro
36056,Raghu Sharma,Webdeveloper,AccountsandFinance,963,Wipro
36057,Ankit Patel,Technicalsupport,IT,963,Wipro
36058,Raghu Sharma,Webdeveloper,AccountsandFinance,963,Wipro
36059,Ankit Patel,Technicalsupport,IT,963,Wipro
36060,Raghu Sharma,Webdeveloper,AccountsandFinance,963,Wipro
36061,Shyam tomar,Networkengineer,HR,963,Wipro
36062,Raghu Sharma,Webdeveloper,AccountsandFinance,963,Wipro
36063,Ankit Patel,Technicalsupport,IT,963,Wipro
36064,Raghu Sharma,Webdeveloper,AccountsandFinance,963,Wipro
36065,Ankit Patel,Technicalsupport,IT,963,Wipro
36066,Raghu Sharma,Webdeveloper,AccountsandFinance,963,Wipro
36067,Shyam tomar,Networkengineer,HR,963,Wipro
36068,Raghu Sharma,Webdeveloper,AccountsandFinance,963,Wipro
36069,Ankit Patel,Technicalsupport,IT,963,Wipro
36070,Raghu Sharma,Webdeveloper,AccountsandFinance,963,Wipro
36071,Ramesh chaudhary,Businessanalyst,Infrastructures,963,Wipro
36072,Raghu Sharma,Webdeveloper,AccountsandFinance,963,Wipro
36073,Shyam tomar,Networkengineer,HR,963,Wipro
36074,Raghu Sharma,Webdeveloper,AccountsandFinance,963,Wipro
36075,Ankit Patel,Technicalsupport,IT,963,Wipro
36076,Raghu Sharma,Webdeveloper,AccountsandFinance,963,Wipro
36077,Ankit Patel,Technicalsupport,IT,963,Wipro
36078,Raghu Sharma,Webdeveloper,AccountsandFinance,963,Wipro
36079,Shyam tomar,Networkengineer,HR,963,Wipro
36080,Raghu Sharma,Webdeveloper,AccountsandFinance,963,Wipro
36081,Ramesh chaudhary,Businessanalyst,Infrastructures,963,Wipro
36082,Raghu Sharma,Webdeveloper,AccountsandFinance,963,Wipro
36083,Ankit Patel,Technicalsupport,IT,963,Wipro
36084,Raghu Sharma,Webdeveloper,AccountsandFinance,963,Wipro
36085,Shyam tomar,Networkengineer,HR,963,Wipro
36086,Raghu Sharma,Webdeveloper,AccountsandFinance,963,Wipro
36087,Ankit Patel,Technicalsupport,IT,963,Wipro
36088,Raghu Sharma,Webdeveloper,AccountsandFinance,963,Wipro
36089,Ankit Patel,Technicalsupport,IT,963,Wipro
36090,Raghu Sharma,Webdeveloper,AccountsandFinance,963,Wipro
36091,Shyam tomar,Networkengineer,HR,963,Wipro
36092,Raghu Sharma,Webdeveloper,AccountsandFinance,963,Wipro
36093,Ankit Patel,Technicalsupport,IT,963,Wipro
36094,Raghu Sharma,Webdeveloper,AccountsandFinance,963,Wipro
36095,Ankit Patel,Technicalsupport,IT,963,Wipro
36096,Raghu Sharma,Webdeveloper,AccountsandFinance,963,Wipro
36097,Shyam tomar,Networkengineer,HR,963,Wipro
36098,Raghu Sharma,Webdeveloper,AccountsandFinance,963,Wipro
36099,Ankit Patel,Technicalsupport,IT,963,Wipro
36100,Raghu Sharma,Webdeveloper,AccountsandFinance,963,Wipro
36101,Ramesh chaudhary,Businessanalyst,Infrastructures,963,Wipro
36102,Raghu Sharma,Webdeveloper,AccountsandFinance,963,Wipro
36103,Shyam tomar,Networkengineer,HR,963,Wipro
36104,Raghu Sharma,Webdeveloper,AccountsandFinance,963,Wipro
36105,Ankit Patel,Technicalsupport,IT,963,Wipro
36106,Raghu Sharma,Webdeveloper,AccountsandFinance,963,Wipro
36107,Ankit Patel,Technicalsupport,IT,963,Wipro
36108,Raghu Sharma,Webdeveloper,AccountsandFinance,963,Wipro
36109,Shyam tomar,Networkengineer,HR,963,Wipro
36110,Raghu Sharma,Webdeveloper,AccountsandFinance,963,Wipro
36111,Ramesh chaudhary,Businessanalyst,Infrastructures,963,Wipro
36112,Raghu Sharma,Webdeveloper,AccountsandFinance,963,Wipro
36113,Ankit Patel,Technicalsupport,IT,963,Wipro
36114,Raghu Sharma,Webdeveloper,AccountsandFinance,963,Wipro
36115,Shyam tomar,Networkengineer,HR,963,Wipro
36116,Raghu Sharma,Webdeveloper,AccountsandFinance,963,Wipro
36117,Ankit Patel,Technicalsupport,IT,963,Wipro
36118,Raghu Sharma,Webdeveloper,AccountsandFinance,963,Wipro
36119,Ankit Patel,Technicalsupport,IT,963,Wipro
36120,Raghu Sharma,Webdeveloper,AccountsandFinance,963,Wipro
36121,Shyam tomar,Networkengineer,HR,963,Wipro
36122,Raghu Sharma,Webdeveloper,AccountsandFinance,963,Wipro
36123,Ankit Patel,Technicalsupport,IT,963,Wipro
36124,Raghu Sharma,Webdeveloper,AccountsandFinance,963,Wipro
36125,Ankit Patel,Technicalsupport,IT,963,Wipro
36126,Raghu Sharma,Webdeveloper,AccountsandFinance,963,Wipro
36127,Shyam tomar,Networkengineer,HR,963,Wipro
36128,Raghu Sharma,Webdeveloper,AccountsandFinance,963,Wipro
36129,Ankit Patel,Technicalsupport,IT,963,Wipro
36130,Raghu Sharma,Webdeveloper,AccountsandFinance,963,Wipro
36131,Ramesh chaudhary,Businessanalyst,Infrastructures,963,Wipro
36132,Raghu Sharma,Webdeveloper,AccountsandFinance,963,Wipro
36133,Shyam tomar,Networkengineer,HR,963,Wipro
36134,Raghu Sharma,Webdeveloper,AccountsandFinance,963,Wipro
36135,Ankit Patel,Technicalsupport,IT,963,Wipro
36136,Raghu Sharma,Webdeveloper,AccountsandFinance,963,Wipro
36137,Ankit Patel,Technicalsupport,IT,963,Wipro
36138,Raghu Sharma,Webdeveloper,AccountsandFinance,963,Wipro
36139,Shyam tomar,Networkengineer,HR,963,Wipro
36140,Raghu Sharma,Webdeveloper,AccountsandFinance,963,Wipro
36141,Ramesh chaudhary,Businessanalyst,Infrastructures,963,Wipro
36142,Raghu Sharma,Webdeveloper,AccountsandFinance,963,Wipro
36143,Ankit Patel,Technicalsupport,IT,963,Wipro
36144,Raghu Sharma,Webdeveloper,AccountsandFinance,963,Wipro
36145,Shyam tomar,Networkengineer,HR,963,Wipro
36146,Raghu Sharma,Webdeveloper,AccountsandFinance,963,Wipro
36147,Ankit Patel,Technicalsupport,IT,963,Wipro
36148,Raghu Sharma,Webdeveloper,AccountsandFinance,963,Wipro
36149,Ankit Patel,Technicalsupport,IT,963,Wipro
36150,Raghu Sharma,Webdeveloper,AccountsandFinance,963,Wipro
36151,Shyam tomar,Networkengineer,HR,963,Wipro
36152,Raghu Sharma,Webdeveloper,AccountsandFinance,963,Wipro
36153,Ankit Patel,Technicalsupport,IT,963,Wipro
36154,Raghu Sharma,Webdeveloper,AccountsandFinance,963,Wipro
36155,Ankit Patel,Technicalsupport,IT,963,Wipro
36156,Raghu Sharma,Webdeveloper,AccountsandFinance,963,Wipro
36157,Shyam tomar,Networkengineer,HR,963,Wipro
36158,Raghu Sharma,Webdeveloper,AccountsandFinance,963,Wipro
36159,Ankit Patel,Technicalsupport,IT,963,Wipro
36160,Raghu Sharma,Webdeveloper,AccountsandFinance,963,Wipro
36161,Ramesh chaudhary,Businessanalyst,Infrastructures,963,Wipro
36162,Raghu Sharma,Webdeveloper,AccountsandFinance,963,Wipro
36163,Shyam tomar,Networkengineer,HR,963,Wipro
36164,Raghu Sharma,Webdeveloper,AccountsandFinance,963,Wipro
36165,Ankit Patel,Technicalsupport,IT,963,Wipro
36166,Raghu Sharma,Webdeveloper,AccountsandFinance,963,Wipro
36167,Ankit Patel,Technicalsupport,IT,963,Wipro
36168,Raghu Sharma,Webdeveloper,AccountsandFinance,963,Wipro
36169,Shyam tomar,Networkengineer,HR,963,Wipro
36170,Raghu Sharma,Webdeveloper,AccountsandFinance,963,Wipro
36171,Ramesh chaudhary,Businessanalyst,Infrastructures,963,Wipro
36172,Raghu Sharma,Webdeveloper,AccountsandFinance,963,Wipro
36173,Ankit Patel,Technicalsupport,IT,963,Wipro
36174,Raghu Sharma,Webdeveloper,AccountsandFinance,963,Wipro
36175,Shyam tomar,Networkengineer,HR,963,Wipro
36176,Raghu Sharma,Webdeveloper,AccountsandFinance,963,Wipro
36177,Ankit Patel,Technicalsupport,IT,963,Wipro
36178,Raghu Sharma,Webdeveloper,AccountsandFinance,963,Wipro
36179,Ankit Patel,Technicalsupport,IT,963,Wipro
36180,Raghu Sharma,Webdeveloper,AccountsandFinance,963,Wipro
36181,Shyam tomar,Networkengineer,HR,963,Wipro
36182,Raghu Sharma,Webdeveloper,AccountsandFinance,963,Wipro
36183,Ankit Patel,Technicalsupport,IT,963,Wipro
36184,Raghu Sharma,Webdeveloper,AccountsandFinance,963,Wipro
36185,Ankit Patel,Technicalsupport,IT,963,Wipro
36186,Raghu Sharma,Webdeveloper,AccountsandFinance,963,Wipro
36187,Shyam tomar,Networkengineer,HR,963,Wipro
36188,Raghu Sharma,Webdeveloper,AccountsandFinance,963,Wipro
36189,Ankit Patel,Technicalsupport,IT,963,Wipro
36190,Raghu Sharma,Webdeveloper,AccountsandFinance,963,Wipro
36191,Ramesh chaudhary,Businessanalyst,Infrastructures,963,Wipro
36192,Raghu Sharma,Webdeveloper,AccountsandFinance,963,Wipro
36193,Shyam tomar,Networkengineer,HR,963,Wipro
36194,Raghu Sharma,Webdeveloper,AccountsandFinance,963,Wipro
36195,Ankit Patel,Technicalsupport,IT,963,Wipro
36196,Raghu Sharma,Webdeveloper,AccountsandFinance,963,Wipro
36197,Ankit Patel,Technicalsupport,IT,963,Wipro
36198,Raghu Sharma,Webdeveloper,AccountsandFinance,963,Wipro
36199,Shyam tomar,Networkengineer,HR,963,Wipro
36200,Raghu Sharma,Webdeveloper,AccountsandFinance,963,Wipro
36201,Ramesh chaudhary,Businessanalyst,Infrastructures,963,Wipro
36202,Raghu Sharma,Webdeveloper,AccountsandFinance,963,Wipro
36203,Ankit Patel,Technicalsupport,IT,963,Wipro
36204,Raghu Sharma,Webdeveloper,AccountsandFinance,963,Wipro
36205,Shyam tomar,Networkengineer,HR,963,Wipro
36206,Raghu Sharma,Webdeveloper,AccountsandFinance,963,Wipro
36207,Ankit Patel,Technicalsupport,IT,963,Wipro
36208,Raghu Sharma,Webdeveloper,AccountsandFinance,963,Wipro
36209,Ankit Patel,Technicalsupport,IT,963,Wipro
36210,Raghu Sharma,Webdeveloper,AccountsandFinance,963,Wipro
36211,Shyam tomar,Networkengineer,HR,963,Wipro
36212,Raghu Sharma,Webdeveloper,AccountsandFinance,963,Wipro
36213,Ankit Patel,Technicalsupport,IT,963,Wipro
36214,Raghu Sharma,Webdeveloper,AccountsandFinance,963,Wipro
36215,Ankit Patel,Technicalsupport,IT,963,Wipro
36216,Raghu Sharma,Webdeveloper,AccountsandFinance,963,Wipro
36217,Shyam tomar,Networkengineer,HR,963,Wipro
36218,Raghu Sharma,Webdeveloper,AccountsandFinance,963,Wipro
36219,Ankit Patel,Technicalsupport,IT,963,Wipro
36220,Raghu Sharma,Webdeveloper,AccountsandFinance,963,Wipro
36221,Ramesh chaudhary,Businessanalyst,Infrastructures,963,Wipro
36222,Raghu Sharma,Webdeveloper,AccountsandFinance,963,Wipro
36223,Shyam tomar,Networkengineer,HR,963,Wipro
36224,Raghu Sharma,Webdeveloper,AccountsandFinance,963,Wipro
36225,Ankit Patel,Technicalsupport,IT,963,Wipro
36226,Raghu Sharma,Webdeveloper,AccountsandFinance,963,Wipro
36227,Ankit Patel,Technicalsupport,IT,963,Wipro
36228,Raghu Sharma,Webdeveloper,AccountsandFinance,963,Wipro
36229,Shyam tomar,Networkengineer,HR,963,Wipro
36230,Raghu Sharma,Webdeveloper,AccountsandFinance,963,Wipro
36231,Ramesh chaudhary,Businessanalyst,Infrastructures,963,Wipro
36232,Raghu Sharma,Webdeveloper,AccountsandFinance,963,Wipro
36233,Ankit Patel,Technicalsupport,IT,963,Wipro
36234,Raghu Sharma,Webdeveloper,AccountsandFinance,963,Wipro
36235,Shyam tomar,Networkengineer,HR,963,Wipro
36236,Raghu Sharma,Webdeveloper,AccountsandFinance,963,Wipro
36237,Ankit Patel,Technicalsupport,IT,963,Wipro
36238,Raghu Sharma,Webdeveloper,AccountsandFinance,963,Wipro
36239,Ankit Patel,Technicalsupport,IT,963,Wipro
36240,Raghu Sharma,Webdeveloper,AccountsandFinance,963,Wipro
36241,Shyam tomar,Networkengineer,HR,963,Wipro
36242,Raghu Sharma,Webdeveloper,AccountsandFinance,963,Wipro
36243,Ankit Patel,Technicalsupport,IT,963,Wipro
36244,Raghu Sharma,Webdeveloper,AccountsandFinance,963,Wipro
36245,Ankit Patel,Technicalsupport,IT,963,Wipro
